<?xml version="1.0" encoding="UTF-8"?>
<project-private xmlns="http://www.netbeans.org/ns/project-private/1">
    <editor-bookmarks xmlns="http://www.netbeans.org/ns/editor-bookmarks/2" lastBookmarkId="0"/>
    <open-files xmlns="http://www.netbeans.org/ns/projectui-open-files/2">
        <group>
            <file>file:/C:/Users/jason_001/Documents/GitHub/SchoolCompSci/EmployeeDatabase/src/EmployeeInfo.java</file>
            <file>file:/C:/Users/jason_001/Documents/GitHub/SchoolCompSci/EmployeeDatabase/data.csv</file>
            <file>file:/C:/Users/jason_001/Documents/GitHub/SchoolCompSci/EmployeeDatabase/src/AddEmployeeFrame.java</file>
            <file>file:/C:/Users/jason_001/Documents/GitHub/SchoolCompSci/EmployeeDatabase/src/PartTimeEmployee.java</file>
            <file>file:/C:/Users/jason_001/Documents/GitHub/SchoolCompSci/EmployeeDatabase/src/MainFrame.java</file>
            <file>file:/C:/Users/jason_001/Documents/GitHub/SchoolCompSci/EmployeeDatabase/src/MyHashTable.java</file>
            <file>file:/C:/Users/jason_001/Documents/GitHub/SchoolCompSci/EmployeeDatabase/src/FullTimeEmployee.java</file>
            <file>file:/C:/Users/jason_001/Documents/GitHub/SchoolCompSci/EmployeeDatabase/src/SearchEmployeeFrame.java</file>
            <file>file:/C:/Users/jason_001/Documents/GitHub/SchoolCompSci/EmployeeDatabase/src/DisplayEmployeeFrame.java</file>
        </group>
    </open-files>
</project-private>
